<?xml version = "1.0" encoding = "UTF-8"?>
<CAFE>
	<SLOT>
		<DAY> Monday</DAY>
		<TIME> 08:30am - 09:30am</TIME>
		<EVENT> Magic Morning </EVENT>
		<USER> 23 </USER>
		<USED> 2 </USED>
	</SLOT>
	<SLOT>
		<DAY> Tuesday</DAY>
		<TIME> 01:00pm - 02:00pm</TIME>
		<EVENT> Fresh Afternoons</EVENT>
		<USER> 43 </USER>
		<USED> 3 </USED>
	</SLOT>
	<SLOT>
		<DAY> Wednesday</DAY>
		<TIME> 07:00pm-08:00pm</TIME>
		<EVENT> Caffeterena </EVENT>
		<USER> 60 </USER>
		<USED> 4 </USED>
	</SLOT>
	<SLOT>
		<DAY> Thurday</DAY>
		<TIME> 04:00pm - 05:00pm </TIME>
		<EVENT> Lazy Evening</EVENT>
		<USER> 13 </USER>
		<USED> 5 </USED>
	</SLOT>
	<SLOT>
		<DAY> Thurday</DAY>
		<TIME> 11:00am - 11:30am</TIME>
		<EVENT> Cool Coffee</EVENT>
		<USER> 29 </USER>
		<USED> 6 </USED>
	</SLOT>
</CAFE>